{
  "project_info": {
    "project_number": "512274250643",
    "firebase_url": "https://income-tax-calc-a7ef7.firebaseio.com",
    "project_id": "income-tax-calc-a7ef7",
    "storage_bucket": "income-tax-calc-a7ef7.appspot.com"
  },
  "client": [
    {
      "client_info": {
        "mobilesdk_app_id": "1:512274250643:android:070c845357861a554c0666",
        "android_client_info": {
          "package_name": "com.smok95.income_tax_calc"
        }
      },
      "oauth_client": [
        {
          "client_id": "512274250643-64oqb0uqnkjuuiug40qh5ukv4am91jc9.apps.googleusercontent.com",
          "client_type": 3
        }
      ],
      "api_key": [
        {
          "current_key": "AIzaSyBxFBlucqXE6dc8RXTtFrFA6mrzUeA-wTA"
        }
      ],
      "services": {
        "appinvite_service": {
          "other_platform_oauth_client": [
            {
              "client_id": "512274250643-64oqb0uqnkjuuiug40qh5ukv4am91jc9.apps.googleusercontent.com",
              "client_type": 3
            }
          ]
        }
      }
    }
  ],
  "configuration_version": "1"
}